#Objective1, #Objective2, #Objective3, #Objective4, #Objective5, #Variable1, #Variable2, #Variable3, #Variable4, #Variable5, #Variable6, #Variable7, #Variable8, #Variable9, #Variable10, #Variable11, #Variable12, #Variable13, #Variable14, #Variable15, #Variable16, #Variable17, #Variable18, #Variable19, #Variable20, #Variable21, #Variable22, #Variable23, #Variable24, #Variable25, #Variable26, #Variable27, #Variable28, #Variable29, #Variable30, #Variable31, #Variable32, #Constraint1, #Constraint2, #Constraint3, #Constraint4, #Constraint5, #Constraint6, #Constraint7, #Constraint8, #Constraint9, #Constraint10, #Constraint11, #Constraint12, #Constraint13, #Constraint14, #Constraint15, #Constraint16, #Constraint17, #Constraint18, #Constraint19, #Constraint20, #Constraint21, #Constraint22, #OverallConstraintViolation
-10164955.244259,1457873.309576,67276962.113540,71.835656,-0.434829,0.528132,0.987548,0.517607,0.605584,0.847654,0.550728,0.715257,0.482274,0.450118,0.619431,0.904522,0.445439,0.280944,0.468541,0.372173,0.932336,0.903311,0.994095,0.074471,0.714632,0.136326,0.971383,0.617024,0.384655,0.294872,0.502904,0.631078,0.657222,0.062810,0.395622,0.338777,0.095638,11.182389,11.224783,0.051829,0.099081,0.527737,0.536555,0.196199,0.202472,0.455457,0.500813,0.352625,0.335795,0.057422,8.164344,0.002469,0.001090,6.110057,0.004112,0.004083,0.000042,0.002807,10164955.244259,0.000000
